product_id,title,description,category,brand,price,gender,color,image_path,category_clean,price_range,tags,search_text,rating,reviews
63699,catwalk women blue flats,"Catwalk Women Blue Flats is a stylish blue heels made using premium not specified material, perfect for everyday use.",heels,catwalk,835.0,Men,Blue,data/images/93a28c07-74f9-4220-8221-e581e7bc4b30.jpg,shoes,low,catwalk heels blue low catwalk women blue flats,"catwalk women blue flats catwalk women blue flats is a stylish blue heels made using premium not specified material, perfect for everyday use. catwalk heels blue catwalk heels blue low catwalk women blue flats",4.9,Amazing product|Highly recommended|Excellent quality
48528,forever new women black skirts,"Forever New Women Black Skirts is a stylish black skirts made using premium not specified material, perfect for everyday use.",skirts,forever,858.0,Men,Black,data/images/07fe8759-a30f-4f58-be47-fcb819b55c71.jpg,skirts,low,forever skirts black low forever new women black skirts,"forever new women black skirts forever new women black skirts is a stylish black skirts made using premium not specified material, perfect for everyday use. forever skirts black forever skirts black low forever new women black skirts",5.0,Highly recommended|Very comfortable|Amazing product
56280,timberland men casual black wallets,"Timberland Men Casual Black Wallets is a stylish black wallets made using premium not specified material, perfect for everyday use.",wallets,timberland,727.0,Men,Black,data/images/23a2edb8-6496-420a-b91a-240e3c163e2d.jpg,wallets,low,timberland wallets black low timberland men casual black wallets,"timberland men casual black wallets timberland men casual black wallets is a stylish black wallets made using premium not specified material, perfect for everyday use. timberland wallets black timberland wallets black low timberland men casual black wallets",4.5,Excellent quality|Highly recommended|Very comfortable
80442,catwalk women silver heels,"Catwalk Women Silver Heels is a stylish silver heels made using premium not specified material, perfect for everyday use.",heels,catwalk,490.0,Men,Silver,data/images/c12838c8-5152-4752-b4ed-47368743896e.jpg,shoes,low,catwalk heels silver low catwalk women silver heels,"catwalk women silver heels catwalk women silver heels is a stylish silver heels made using premium not specified material, perfect for everyday use. catwalk heels silver catwalk heels silver low catwalk women silver heels",3.7,Good but could be better|Decent quality|Nice design
97415,"samsung galaxy s9 (4gb ram, 128gb) - lilac purple","Galaxy S9 octa-core (4x2.7GHz + 4x1.7GHz) Android 8.0 4GB 64GB 3000.0 12-megapixel (1.4-micron) 8-megapixel (f/1.7, 1.22-micron) 5.8 1440x2960 pixels",Mobile,samsung,37900.0,unisex,"Coral Blue, Lilac Purple, Midnight Black, Titanium Grey",https://i.gadgets360cdn.com/products/large/1519585124_635_samsung_galaxy_s9_blue.jpg?downsize=*:180&amp;output-quality=80&amp;output-format=webp,electronics,high,"samsung mobile coral blue, lilac purple, midnight black, titanium grey high samsung galaxy s9 (4gb ram, 128gb) - lilac purple","samsung galaxy s9 (4gb ram, 128gb) - lilac purple galaxy s9 octa-core (4x2.7ghz + 4x1.7ghz) android 8.0 4gb 64gb 3000.0 12-megapixel (1.4-micron) 8-megapixel (f/1.7, 1.22-micron) 5.8 1440x2960 pixels samsung mobile coral blue, lilac purple, midnight black, titanium grey samsung mobile coral blue, lilac purple, midnight black, titanium grey high samsung galaxy s9 (4gb ram, 128gb) - lilac purple",3.8,Decent quality|Value for money|Satisfied with the purchase
29849,femella women yellow polo t-shirt,"Femella Women Yellow Polo T-Shirt is a stylish yellow tshirts made using premium not specified material, perfect for everyday use.",tshirts,femella,250.0,Men,Yellow,data/images/63317e0f-b36b-48f4-9634-2b81dbece86b.jpg,clothing,low,femella tshirts yellow low femella women yellow polo t-shirt,"femella women yellow polo t-shirt femella women yellow polo t-shirt is a stylish yellow tshirts made using premium not specified material, perfect for everyday use. femella tshirts yellow femella tshirts yellow low femella women yellow polo t-shirt",4.2,Satisfied with the purchase|Value for money|Good but could be better
73965,casio enticer women white dial analogue watch a593,"CASIO ENTICER Women White Dial Analogue Watch A593 is a stylish white watches made using premium not specified material, perfect for everyday use.",watches,casio,653.0,Men,White,data/images/2a7f0f87-0814-4903-8c3a-2a0565d0b095.jpg,watches,low,casio watches white low casio enticer women white dial analogue watch a593,"casio enticer women white dial analogue watch a593 casio enticer women white dial analogue watch a593 is a stylish white watches made using premium not specified material, perfect for everyday use. casio watches white casio watches white low casio enticer women white dial analogue watch a593",4.7,Worth the price|Very comfortable|Amazing product
16867,proline men grey polo t-shirt,"Proline Men Grey Polo T-shirt is a stylish grey tshirts made using premium not specified material, perfect for everyday use.",tshirts,proline,429.0,Men,Grey,data/images/af124468-1265-44c4-88dc-7cfe2f098ebe.jpg,clothing,low,proline tshirts grey low proline men grey polo t-shirt,"proline men grey polo t-shirt proline men grey polo t-shirt is a stylish grey tshirts made using premium not specified material, perfect for everyday use. proline tshirts grey proline tshirts grey low proline men grey polo t-shirt",4.9,Highly recommended|Amazing product|Worth the price
104140,"qhohq polycarbonate tempered glass, 2 pack hard pc case for smartwatches compatible with apple watch series 8 45mm & serie...",Worst model in device series. Poor battery performance and charging will take couple of hours  and voice calls are too noisy... This is not review this is my experience. All Electronics 1.0 out of 5 stars,"tv, audio & cameras",qhohq,349.0,unisex,unknown,https://m.media-amazon.com/images/W/IMAGERENDERING_521856-T1/images/I/61tQcI+kYPL._AC_UL320_.jpg,electronics,low,"qhohq tv, audio & cameras unknown low qhohq polycarbonate tempered glass, 2 pack hard pc case for smartwatches compatible with apple watch series 8 45mm & serie...","qhohq polycarbonate tempered glass, 2 pack hard pc case for smartwatches compatible with apple watch series 8 45mm & serie... worst model in device series. poor battery performance and charging will take couple of hours  and voice calls are too noisy... this is not review this is my experience. all electronics 1.0 out of 5 stars qhohq tv, audio & cameras unknown qhohq tv, audio & cameras unknown low qhohq polycarbonate tempered glass, 2 pack hard pc case for smartwatches compatible with apple watch series 8 45mm & serie...",4.6,Amazing product|Excellent quality|Worth the price
77014,vishudh women printed white kurta,"Vishudh Women Printed White Kurta is a stylish white kurtas made using premium not specified material, perfect for everyday use.",kurtas,vishudh,1137.0,Men,White,data/images/bc6b9a10-70ed-46ab-b196-ba2e7ee68a3a.jpg,kurtas,medium,vishudh kurtas white medium vishudh women printed white kurta,"vishudh women printed white kurta vishudh women printed white kurta is a stylish white kurtas made using premium not specified material, perfect for everyday use. vishudh kurtas white vishudh kurtas white medium vishudh women printed white kurta",4.6,Very comfortable|Excellent quality|Amazing product
1674,mineral women floral blue top,"Mineral Women Floral Blue Top is a stylish blue tops made using premium not specified material, perfect for everyday use.",tops,mineral,775.0,Men,Blue,data/images/1cb3976a-1e3b-4dc0-a622-4712f80e1092.jpg,tops,low,mineral tops blue low mineral women floral blue top,"mineral women floral blue top mineral women floral blue top is a stylish blue tops made using premium not specified material, perfect for everyday use. mineral tops blue mineral tops blue low mineral women floral blue top",4.9,Excellent quality|Highly recommended|Worth the price
56737,esprit women rough chic silver watches,"Esprit Women Rough Chic Silver Watches is a stylish silver watches made using premium not specified material, perfect for everyday use.",watches,esprit,578.0,Men,Silver,data/images/8cfcc04e-9367-4c9b-98fa-3076c1aa2ab8.jpg,watches,low,esprit watches silver low esprit women rough chic silver watches,"esprit women rough chic silver watches esprit women rough chic silver watches is a stylish silver watches made using premium not specified material, perfect for everyday use. esprit watches silver esprit watches silver low esprit women rough chic silver watches",3.7,Nice design|Value for money|Decent quality
9136,reebok men audi white t-shirt,"Reebok Men Audi White T-shirt is a stylish white tshirts made using premium not specified material, perfect for everyday use.",tshirts,reebok,309.0,Men,White,data/images/023696ed-3055-44f6-9d7c-bfe364c561fb.jpg,clothing,low,reebok tshirts white low reebok men audi white t-shirt,"reebok men audi white t-shirt reebok men audi white t-shirt is a stylish white tshirts made using premium not specified material, perfect for everyday use. reebok tshirts white reebok tshirts white low reebok men audi white t-shirt",4.0,Satisfied with the purchase|Nice design|Decent quality
70750,inc 5 women casual black wedges,"Inc 5 Women Casual Black Wedges is a stylish black heels made using premium not specified material, perfect for everyday use.",heels,inc,315.0,Men,Black,data/images/2623e235-7c92-4c8b-ae42-7c999b53aaec.jpg,shoes,low,inc heels black low inc 5 women casual black wedges,"inc 5 women casual black wedges inc 5 women casual black wedges is a stylish black heels made using premium not specified material, perfect for everyday use. inc heels black inc heels black low inc 5 women casual black wedges",3.9,Value for money|Satisfied with the purchase|Good but could be better
53273,jockey lcescbra men white pack of 3 socks 2004,"Jockey LCESCBRA Men White Pack of 3 Socks 2004 is a stylish white socks made using premium not specified material, perfect for everyday use.",socks,jockey,977.0,Men,White,data/images/1bfaaf9d-c697-45a9-9fba-ba7f44ae4036.jpg,socks,low,jockey socks white low jockey lcescbra men white pack of 3 socks 2004,"jockey lcescbra men white pack of 3 socks 2004 jockey lcescbra men white pack of 3 socks 2004 is a stylish white socks made using premium not specified material, perfect for everyday use. jockey socks white jockey socks white low jockey lcescbra men white pack of 3 socks 2004",4.3,Satisfied with the purchase|Decent quality|Nice design
67513,locomotive men solid poplin lamberto navy blue shirts,"Locomotive Men Solid Poplin Lamberto Navy Blue Shirts is a stylish blue shirts made using premium not specified material, perfect for everyday use.",shirts,locomotive,544.0,Men,Blue,data/images/51c92b04-1a17-436b-904a-b3c4433e178f.jpg,clothing,low,locomotive shirts blue low locomotive men solid poplin lamberto navy blue shirts,"locomotive men solid poplin lamberto navy blue shirts locomotive men solid poplin lamberto navy blue shirts is a stylish blue shirts made using premium not specified material, perfect for everyday use. locomotive shirts blue locomotive shirts blue low locomotive men solid poplin lamberto navy blue shirts",3.9,Nice design|Satisfied with the purchase|Good but could be better
12826,adrika women black & blue earrings,"Adrika Women Black & Blue Earrings is a stylish black earrings made using premium not specified material, perfect for everyday use.",earrings,adrika,476.0,Men,Black,data/images/01ed78f6-9225-4eaa-901d-55f6320bbd26.jpg,earrings,low,adrika earrings black low adrika women black & blue earrings,"adrika women black & blue earrings adrika women black & blue earrings is a stylish black earrings made using premium not specified material, perfect for everyday use. adrika earrings black adrika earrings black low adrika women black & blue earrings",4.0,Good but could be better|Nice design|Decent quality
14006,nike unisex nike checks black duffle bags,"Nike Unisex Nike Checks Black Duffle Bags is a stylish black duffel bag made using premium not specified material, perfect for everyday use.",duffel bag,nike,893.0,Unisex,Black,data/images/5d2e6aed-f37e-4a52-b493-76824dae7380.jpg,duffel bag,low,nike duffel bag black low nike unisex nike checks black duffle bags,"nike unisex nike checks black duffle bags nike unisex nike checks black duffle bags is a stylish black duffel bag made using premium not specified material, perfect for everyday use. nike duffel bag black nike duffel bag black low nike unisex nike checks black duffle bags",4.3,Value for money|Good but could be better|Nice design
13077,electronics,Product from ELECTRONICS,electronics,electronics,955.0,Unisex,Unknown,data/images/e13c01ec-e80b-403c-b579-92afc0e790a4.jpg,electronics,low,electronics electronics unknown low electronics,electronics product from electronics electronics electronics unknown electronics electronics unknown low electronics,4.5,Excellent quality|Highly recommended|Very comfortable
100026,"xolo era 1x (1gb ram, 8gb) - black & gun metal",Era 1X 1.3GHz quad-core Android 6.0 1GB 8GB 2500.0 8-megapixel 5-megapixel 5.0 1280x720 pixels,Mobile,xolo,3499.0,unisex,"Black/Gunmetal, Gold/Brown",https://drop.ndtv.com/TECH/product_database/images/96201645643PM_635_Xolo_Era_1X_official.jpeg?downsize=*:180&amp;output-quality=80&amp;output-format=webp,electronics,low,"xolo mobile black/gunmetal, gold/brown low xolo era 1x (1gb ram, 8gb) - black & gun metal","xolo era 1x (1gb ram, 8gb) - black & gun metal era 1x 1.3ghz quad-core android 6.0 1gb 8gb 2500.0 8-megapixel 5-megapixel 5.0 1280x720 pixels xolo mobile black/gunmetal, gold/brown xolo mobile black/gunmetal, gold/brown low xolo era 1x (1gb ram, 8gb) - black & gun metal",4.6,Excellent quality|Very comfortable|Highly recommended
59853,mumbai slang women pink & black kurti,"Mumbai Slang Women Pink & Black Kurti is a stylish black kurtis made using premium not specified material, perfect for everyday use.",kurtis,mumbai,412.0,Men,Black,data/images/4efb99a9-3acf-4985-bcc7-ffd3364dc267.jpg,kurtis,low,mumbai kurtis black low mumbai slang women pink & black kurti,"mumbai slang women pink & black kurti mumbai slang women pink & black kurti is a stylish black kurtis made using premium not specified material, perfect for everyday use. mumbai kurtis black mumbai kurtis black low mumbai slang women pink & black kurti",4.2,Decent quality|Satisfied with the purchase|Good but could be better
59837,esprit men casual black watch,"Esprit Men Casual Black Watch is a stylish black watches made using premium not specified material, perfect for everyday use.",watches,esprit,539.0,Men,Black,data/images/90f2abaa-6d8a-4b8b-aab8-88b5c4a9abdb.jpg,watches,low,esprit watches black low esprit men casual black watch,"esprit men casual black watch esprit men casual black watch is a stylish black watches made using premium not specified material, perfect for everyday use. esprit watches black esprit watches black low esprit men casual black watch",4.8,Amazing product|Very comfortable|Excellent quality
31533,french connection women red clutch,"French Connection Women Red Clutch is a stylish red clutches made using premium not specified material, perfect for everyday use.",clutches,french,373.0,Men,Red,data/images/4ba6a30f-ca71-4597-b07d-1949b714a2a8.jpg,clutches,low,french clutches red low french connection women red clutch,"french connection women red clutch french connection women red clutch is a stylish red clutches made using premium not specified material, perfect for everyday use. french clutches red french clutches red low french connection women red clutch",3.8,Decent quality|Value for money|Satisfied with the purchase
98722,"redmi 8a dual (2gb ram, 32gb) - sea blue","Redmi 8A Dual 1.45GHz octa-core (4x1.95GHz + 4x1.45GHz) Android 9.0 2GB 32GB 5000.0 13-megapixel (f/2.2, 1.12-micron) + 2-megapixel (f/2.4, 1.75-micron) 8-megapixel (f/2.0, 1.12-micron) 6.22 720x1520 pixels",Mobile,xiaomi,6999.0,unisex,"Midnight Grey, Sea Blue, Sky White",https://i.gadgets360cdn.com/products/large/redmi-8a-dual-385x800-1581405189.jpg?downsize=*:180&amp;output-quality=80&amp;output-format=webp,electronics,low,"xiaomi mobile midnight grey, sea blue, sky white low redmi 8a dual (2gb ram, 32gb) - sea blue","redmi 8a dual (2gb ram, 32gb) - sea blue redmi 8a dual 1.45ghz octa-core (4x1.95ghz + 4x1.45ghz) android 9.0 2gb 32gb 5000.0 13-megapixel (f/2.2, 1.12-micron) + 2-megapixel (f/2.4, 1.75-micron) 8-megapixel (f/2.0, 1.12-micron) 6.22 720x1520 pixels xiaomi mobile midnight grey, sea blue, sky white xiaomi mobile midnight grey, sea blue, sky white low redmi 8a dual (2gb ram, 32gb) - sea blue",4.3,Nice design|Good but could be better|Value for money
82740,paris hilton women fairy dust perfume,"Paris Hilton Women Fairy Dust Perfume is a stylish unknown perfume and body mist made using premium not specified material, perfect for everyday use.",perfume and body mist,paris,437.0,Men,Unknown,data/images/66d4ebce-46de-441c-b5dd-8de8f65ef156.jpg,perfume and body mist,low,paris perfume and body mist unknown low paris hilton women fairy dust perfume,"paris hilton women fairy dust perfume paris hilton women fairy dust perfume is a stylish unknown perfume and body mist made using premium not specified material, perfect for everyday use. paris perfume and body mist unknown paris perfume and body mist unknown low paris hilton women fairy dust perfume",4.2,Decent quality|Satisfied with the purchase|Good but could be better
18843,tonga women white top,"Tonga Women White Top is a stylish white tops made using premium not specified material, perfect for everyday use.",tops,tonga,956.0,Men,White,data/images/f668b506-0f7b-49fe-8c0e-d0817085aba6.jpg,tops,low,tonga tops white low tonga women white top,"tonga women white top tonga women white top is a stylish white tops made using premium not specified material, perfect for everyday use. tonga tops white tonga tops white low tonga women white top",3.6,Satisfied with the purchase|Decent quality|Value for money
79985,aneri women red leggings,"Aneri Women Red Leggings is a stylish red leggings made using premium not specified material, perfect for everyday use.",leggings,aneri,938.0,Men,Red,data/images/e58970e0-cb91-4bb0-8c5b-b510349852ab.jpg,leggings,low,aneri leggings red low aneri women red leggings,"aneri women red leggings aneri women red leggings is a stylish red leggings made using premium not specified material, perfect for everyday use. aneri leggings red aneri leggings red low aneri women red leggings",4.4,Decent quality|Nice design|Satisfied with the purchase
35717,john players men gingham blue shirt,"John Players Men Gingham Blue Shirt is a stylish blue shirts made using premium not specified material, perfect for everyday use.",shirts,john,374.0,Men,Blue,data/images/8f927c27-c9af-431e-a344-0b828c39202d.jpg,clothing,low,john shirts blue low john players men gingham blue shirt,"john players men gingham blue shirt john players men gingham blue shirt is a stylish blue shirts made using premium not specified material, perfect for everyday use. john shirts blue john shirts blue low john players men gingham blue shirt",4.4,Good but could be better|Nice design|Satisfied with the purchase
68074,wildcraft unisex gear for life red backpack,"Wildcraft Unisex Gear for Life Red Backpack is a stylish red backpacks made using premium not specified material, perfect for everyday use.",backpacks,wildcraft,321.0,Unisex,Red,data/images/ea2dfe05-7f3c-4af0-817b-2fd03eec4378.jpg,backpacks,low,wildcraft backpacks red low wildcraft unisex gear for life red backpack,"wildcraft unisex gear for life red backpack wildcraft unisex gear for life red backpack is a stylish red backpacks made using premium not specified material, perfect for everyday use. wildcraft backpacks red wildcraft backpacks red low wildcraft unisex gear for life red backpack",3.8,Value for money|Good but could be better|Satisfied with the purchase
78810,fabindia women blue kurta,"Fabindia Women Blue Kurta is a stylish blue kurtas made using premium not specified material, perfect for everyday use.",kurtas,fabindia,501.0,Men,Blue,data/images/931b927e-305a-4165-b1a1-10c0d2ec6501.jpg,kurtas,low,fabindia kurtas blue low fabindia women blue kurta,"fabindia women blue kurta fabindia women blue kurta is a stylish blue kurtas made using premium not specified material, perfect for everyday use. fabindia kurtas blue fabindia kurtas blue low fabindia women blue kurta",4.1,Satisfied with the purchase|Good but could be better|Value for money
80857,arrow men white striped shirt,"Arrow Men White Striped Shirt is a stylish white shirts made using premium not specified material, perfect for everyday use.",shirts,arrow,873.0,Men,White,data/images/ab23af2b-bd4f-4a51-9195-1440b0974c8a.jpg,clothing,low,arrow shirts white low arrow men white striped shirt,"arrow men white striped shirt arrow men white striped shirt is a stylish white shirts made using premium not specified material, perfect for everyday use. arrow shirts white arrow shirts white low arrow men white striped shirt",3.6,Decent quality|Nice design|Good but could be better
1600,red rose cream nightdress,"Red Rose Cream Nightdress is a stylish red nightdress made using premium not specified material, perfect for everyday use.",nightdress,red,304.0,Unisex,Red,data/images/15bb2057-a9af-47a1-a63e-e8e34d37fa28.jpg,nightdress,low,red nightdress red low red rose cream nightdress,"red rose cream nightdress red rose cream nightdress is a stylish red nightdress made using premium not specified material, perfect for everyday use. red nightdress red red nightdress red low red rose cream nightdress",4.4,Satisfied with the purchase|Decent quality|Value for money
50040,wrangler women blue jeggings,"Wrangler Women Blue Jeggings is a stylish blue jeggings made using premium not specified material, perfect for everyday use.",jeggings,wrangler,763.0,Men,Blue,data/images/3e57b684-d340-43f7-be65-813039347317.jpg,jeggings,low,wrangler jeggings blue low wrangler women blue jeggings,"wrangler women blue jeggings wrangler women blue jeggings is a stylish blue jeggings made using premium not specified material, perfect for everyday use. wrangler jeggings blue wrangler jeggings blue low wrangler women blue jeggings",4.1,Good but could be better|Nice design|Value for money
106675,"ptron bassbuds wave enc bluetooth 5.3 truly wireless in ear earbuds, 40hrs total playtime, movie mode & deep bass, low lat...",No warranty card.....but I'm happy with the phone All Electronics 5.0 out of 5 stars,"tv, audio & cameras",ptron,999.0,unisex,unknown,https://m.media-amazon.com/images/I/51HTkmEsf5L._AC_UL320_.jpg,electronics,low,"ptron tv, audio & cameras unknown low ptron bassbuds wave enc bluetooth 5.3 truly wireless in ear earbuds, 40hrs total playtime, movie mode & deep bass, low lat...","ptron bassbuds wave enc bluetooth 5.3 truly wireless in ear earbuds, 40hrs total playtime, movie mode & deep bass, low lat... no warranty card.....but i'm happy with the phone all electronics 5.0 out of 5 stars ptron tv, audio & cameras unknown ptron tv, audio & cameras unknown low ptron bassbuds wave enc bluetooth 5.3 truly wireless in ear earbuds, 40hrs total playtime, movie mode & deep bass, low lat...",4.0,Value for money|Good but could be better|Decent quality
39318,nike men pack of 3 sports socks,"Nike Men Pack of 3 Sports Socks is a stylish unknown socks made using premium not specified material, perfect for everyday use.",socks,nike,667.0,Men,Unknown,data/images/653349dc-5600-4b96-a157-77b9978903de.jpg,socks,low,nike socks unknown low nike men pack of 3 sports socks,"nike men pack of 3 sports socks nike men pack of 3 sports socks is a stylish unknown socks made using premium not specified material, perfect for everyday use. nike socks unknown nike socks unknown low nike men pack of 3 sports socks",3.9,Decent quality|Value for money|Good but could be better
40733,bulchee men brown & black reversible belt,"Bulchee Men Brown & Black Reversible Belt is a stylish black belts made using premium not specified material, perfect for everyday use.",belts,bulchee,994.0,Men,Black,data/images/7bc89a94-c999-476c-8b9d-1cc0da1604ad.jpg,belts,low,bulchee belts black low bulchee men brown & black reversible belt,"bulchee men brown & black reversible belt bulchee men brown & black reversible belt is a stylish black belts made using premium not specified material, perfect for everyday use. bulchee belts black bulchee belts black low bulchee men brown & black reversible belt",4.5,Highly recommended|Amazing product|Excellent quality
85441,nike unisex green all access fullfare backpack,"Nike Unisex Green All Access Fullfare Backpack is a stylish green backpacks made using premium not specified material, perfect for everyday use.",backpacks,nike,515.0,Unisex,Green,data/images/95f9a0f4-db96-4a01-b47a-aa9a6eba7ffd.jpg,backpacks,low,nike backpacks green low nike unisex green all access fullfare backpack,"nike unisex green all access fullfare backpack nike unisex green all access fullfare backpack is a stylish green backpacks made using premium not specified material, perfect for everyday use. nike backpacks green nike backpacks green low nike unisex green all access fullfare backpack",4.4,Nice design|Satisfied with the purchase|Decent quality
72369,biba women black printed churidar kurta with dupatta,"Biba Women Black Printed Churidar Kurta with Dupatta is a stylish black kurta sets made using premium not specified material, perfect for everyday use.",kurta sets,biba,1277.0,Men,Black,data/images/5753cf2f-6e78-43a5-9fc1-883f42236884.jpg,kurta sets,medium,biba kurta sets black medium biba women black printed churidar kurta with dupatta,"biba women black printed churidar kurta with dupatta biba women black printed churidar kurta with dupatta is a stylish black kurta sets made using premium not specified material, perfect for everyday use. biba kurta sets black biba kurta sets black medium biba women black printed churidar kurta with dupatta",4.2,Nice design|Satisfied with the purchase|Good but could be better
80149,united colors of benetton women lavender wallet,"United Colors of Benetton Women Lavender Wallet is a stylish unknown wallets made using premium not specified material, perfect for everyday use.",wallets,united,424.0,Men,Unknown,data/images/b201bb2b-ed62-4846-ae9e-5a2d96cd9b20.jpg,wallets,low,united wallets unknown low united colors of benetton women lavender wallet,"united colors of benetton women lavender wallet united colors of benetton women lavender wallet is a stylish unknown wallets made using premium not specified material, perfect for everyday use. united wallets unknown united wallets unknown low united colors of benetton women lavender wallet",3.9,Value for money|Good but could be better|Satisfied with the purchase
58744,mother earth women off white kurta,"Mother Earth Women Off white Kurta is a stylish white kurtas made using premium not specified material, perfect for everyday use.",kurtas,mother,421.0,Men,White,data/images/2ff35770-c632-4b5a-9d7e-2f3e845ccdb2.jpg,kurtas,low,mother kurtas white low mother earth women off white kurta,"mother earth women off white kurta mother earth women off white kurta is a stylish white kurtas made using premium not specified material, perfect for everyday use. mother kurtas white mother kurtas white low mother earth women off white kurta",5.0,Worth the price|Very comfortable|Amazing product
97429,"realme 2 pro (8gb ram, 128gb) - ocean blue",2 Pro 1.8GHz octa-core Android 8.1 4GB 64GB 3500.0 16-megapixel (f/1.7) + 2-megapixel (f/2.4) 16-megapixel (f/2.0) 6.3 1080x2340 pixels,Mobile,realme,16999.0,unisex,"Black Sea, Diamond Red, Ice Lake, Ocean Blue",https://i.gadgets360cdn.com/products/large/1538037790_800_realme2_pro.jpg?downsize=*:180&amp;output-quality=80&amp;output-format=webp,electronics,medium,"realme mobile black sea, diamond red, ice lake, ocean blue medium realme 2 pro (8gb ram, 128gb) - ocean blue","realme 2 pro (8gb ram, 128gb) - ocean blue 2 pro 1.8ghz octa-core android 8.1 4gb 64gb 3500.0 16-megapixel (f/1.7) + 2-megapixel (f/2.4) 16-megapixel (f/2.0) 6.3 1080x2340 pixels realme mobile black sea, diamond red, ice lake, ocean blue realme mobile black sea, diamond red, ice lake, ocean blue medium realme 2 pro (8gb ram, 128gb) - ocean blue",3.6,Satisfied with the purchase|Nice design|Decent quality
69713,reid & taylor men beige belt,"Reid & Taylor Men Beige Belt is a stylish beige belts made using premium not specified material, perfect for everyday use.",belts,reid,580.0,Men,Beige,data/images/8ae43636-95f7-4b55-9326-75215cdfc57a.jpg,belts,low,reid belts beige low reid & taylor men beige belt,"reid & taylor men beige belt reid & taylor men beige belt is a stylish beige belts made using premium not specified material, perfect for everyday use. reid belts beige reid belts beige low reid & taylor men beige belt",4.7,Amazing product|Very comfortable|Excellent quality
31318,chromozome men grey briefs,"Chromozome Men Grey Briefs is a stylish grey briefs made using premium not specified material, perfect for everyday use.",briefs,chromozome,793.0,Men,Grey,data/images/7bdae71f-48bb-4113-9a3d-71fa60e61a77.jpg,briefs,low,chromozome briefs grey low chromozome men grey briefs,"chromozome men grey briefs chromozome men grey briefs is a stylish grey briefs made using premium not specified material, perfect for everyday use. chromozome briefs grey chromozome briefs grey low chromozome men grey briefs",3.9,Nice design|Value for money|Decent quality
103181,portronics modesk por-122 universal mobile tabletop holder (black),it has a receiver failer problem All Electronics 1.0 out of 5 stars,"tv, audio & cameras",portronics,99.0,unisex,Black,https://m.media-amazon.com/images/I/51u2MqPaQwL._AC_UL320_.jpg,electronics,low,"portronics tv, audio & cameras black low portronics modesk por-122 universal mobile tabletop holder (black)","portronics modesk por-122 universal mobile tabletop holder (black) it has a receiver failer problem all electronics 1.0 out of 5 stars portronics tv, audio & cameras black portronics tv, audio & cameras black low portronics modesk por-122 universal mobile tabletop holder (black)",3.7,Value for money|Nice design|Satisfied with the purchase
78747,clarks men black nature three leather casual shoes,"Clarks Men Black Nature Three Leather Casual Shoes is a stylish black casual shoes made using premium leather material, perfect for everyday use.",casual shoes,clarks,404.0,Men,Black,data/images/52085ca6-fb5f-4406-89d8-4916c9ea0288.jpg,shoes,low,clarks casual shoes black low clarks men black nature three leather casual shoes,"clarks men black nature three leather casual shoes clarks men black nature three leather casual shoes is a stylish black casual shoes made using premium leather material, perfect for everyday use. clarks casual shoes black clarks casual shoes black low clarks men black nature three leather casual shoes",4.9,Very comfortable|Excellent quality|Amazing product
16211,vero moda women white & pink top,"Vero Moda Women White & Pink Top is a stylish white tops made using premium not specified material, perfect for everyday use.",tops,vero,536.0,Men,White,data/images/a7106bd8-f7ae-4a2c-be3e-23c77837b0ec.jpg,tops,low,vero tops white low vero moda women white & pink top,"vero moda women white & pink top vero moda women white & pink top is a stylish white tops made using premium not specified material, perfect for everyday use. vero tops white vero tops white low vero moda women white & pink top",4.4,Decent quality|Satisfied with the purchase|Nice design
16409,myntra men blue prayer t-shirt,"Myntra Men Blue Prayer T-shirt is a stylish blue tshirts made using premium not specified material, perfect for everyday use.",tshirts,myntra,484.0,Men,Blue,data/images/df9ec7fb-26db-4674-a90c-519378e49c94.jpg,clothing,low,myntra tshirts blue low myntra men blue prayer t-shirt,"myntra men blue prayer t-shirt myntra men blue prayer t-shirt is a stylish blue tshirts made using premium not specified material, perfect for everyday use. myntra tshirts blue myntra tshirts blue low myntra men blue prayer t-shirt",4.3,Nice design|Decent quality|Satisfied with the purchase
467,carlton london women wedge silver sandal,"Carlton London Women Wedge Silver Sandal is a stylish silver flats made using premium not specified material, perfect for everyday use.",flats,carlton,526.0,Men,Silver,data/images/2d16f324-23ba-405f-af43-0e4ce08124b1.jpg,flats,low,carlton flats silver low carlton london women wedge silver sandal,"carlton london women wedge silver sandal carlton london women wedge silver sandal is a stylish silver flats made using premium not specified material, perfect for everyday use. carlton flats silver carlton flats silver low carlton london women wedge silver sandal",4.9,Worth the price|Excellent quality|Amazing product
3055,palm tree kids girl sp jace sko green skirts,"Palm Tree Kids Girl Sp Jace Sko Green Skirts is a stylish green skirts made using premium not specified material, perfect for everyday use.",skirts,palm,412.0,Unisex,Green,data/images/0ebf286a-67b2-4e33-bc47-39a56463f823.jpg,skirts,low,palm skirts green low palm tree kids girl sp jace sko green skirts,"palm tree kids girl sp jace sko green skirts palm tree kids girl sp jace sko green skirts is a stylish green skirts made using premium not specified material, perfect for everyday use. palm skirts green palm skirts green low palm tree kids girl sp jace sko green skirts",4.9,Highly recommended|Amazing product|Worth the price
44876,fila men white polo t-shirt,"Fila Men White Polo T-shirt is a stylish white tshirts made using premium not specified material, perfect for everyday use.",tshirts,fila,576.0,Men,White,data/images/f888deeb-a7a4-41c6-9073-1c7bde7a1b52.jpg,clothing,low,fila tshirts white low fila men white polo t-shirt,"fila men white polo t-shirt fila men white polo t-shirt is a stylish white tshirts made using premium not specified material, perfect for everyday use. fila tshirts white fila tshirts white low fila men white polo t-shirt",3.6,Satisfied with the purchase|Nice design|Decent quality
84648,adrika women yellow bangle,"Adrika Women Yellow Bangle is a stylish yellow bangle made using premium not specified material, perfect for everyday use.",bangle,adrika,310.0,Men,Yellow,data/images/52b1f8b3-03ac-4d3b-9693-c5c6f8458eb0.jpg,bangle,low,adrika bangle yellow low adrika women yellow bangle,"adrika women yellow bangle adrika women yellow bangle is a stylish yellow bangle made using premium not specified material, perfect for everyday use. adrika bangle yellow adrika bangle yellow low adrika women yellow bangle",3.7,Good but could be better|Nice design|Satisfied with the purchase
39107,baby products,Product from BABY_PRODUCTS,baby products,baby,657.0,Unisex,Unknown,data/images/07d9542a-55a7-4486-bcb8-0551ae2d180a.jpg,baby products,low,baby baby products unknown low baby products,baby products product from baby_products baby baby products unknown baby baby products unknown low baby products,4.6,Excellent quality|Highly recommended|Amazing product
36704,aneri women printed beige kurti,"Aneri Women Printed Beige Kurti is a stylish beige kurtis made using premium not specified material, perfect for everyday use.",kurtis,aneri,643.0,Men,Beige,data/images/b5980491-c22c-4830-9974-78f3ff06e8f4.jpg,kurtis,low,aneri kurtis beige low aneri women printed beige kurti,"aneri women printed beige kurti aneri women printed beige kurti is a stylish beige kurtis made using premium not specified material, perfect for everyday use. aneri kurtis beige aneri kurtis beige low aneri women printed beige kurti",4.8,Worth the price|Excellent quality|Very comfortable
23677,american tourister unisex buzz black backpack,"American Tourister Unisex Buzz Black Backpack is a stylish black backpacks made using premium not specified material, perfect for everyday use.",backpacks,american,340.0,Unisex,Black,data/images/6c16311b-74a3-4e0f-874b-701ab6830cc4.jpg,backpacks,low,american backpacks black low american tourister unisex buzz black backpack,"american tourister unisex buzz black backpack american tourister unisex buzz black backpack is a stylish black backpacks made using premium not specified material, perfect for everyday use. american backpacks black american backpacks black low american tourister unisex buzz black backpack",4.3,Decent quality|Value for money|Good but could be better
97221,zebronics em500gy headphone, In-Ear Wired    ,Earphones,zebronics,215.0,unisex,Black,https://i.gadgets360cdn.com/products/headphones-and-headsets/large/zebronics-em500gy-headphone-832X558-1598367255.jpg?downsize=*:180&amp;output-quality=80&amp;output-format=webp,electronics,low,zebronics earphones black low zebronics em500gy headphone,zebronics em500gy headphone  in-ear wired     zebronics earphones black zebronics earphones black low zebronics em500gy headphone,3.8,Decent quality|Value for money|Satisfied with the purchase
68739,catwalk women casual gold sandals,"Catwalk Women Casual Gold Sandals is a stylish gold heels made using premium not specified material, perfect for everyday use.",heels,catwalk,943.0,Men,Gold,data/images/db58ed29-1cc6-43af-b519-3ca0511e7f96.jpg,shoes,low,catwalk heels gold low catwalk women casual gold sandals,"catwalk women casual gold sandals catwalk women casual gold sandals is a stylish gold heels made using premium not specified material, perfect for everyday use. catwalk heels gold catwalk heels gold low catwalk women casual gold sandals",4.4,Decent quality|Nice design|Value for money
88827,french connection women gold clutch,"French Connection Women Gold Clutch is a stylish gold clutches made using premium not specified material, perfect for everyday use.",clutches,french,787.0,Men,Gold,data/images/a5092bde-1438-4477-aa3c-fbc14c414e5a.jpg,clutches,low,french clutches gold low french connection women gold clutch,"french connection women gold clutch french connection women gold clutch is a stylish gold clutches made using premium not specified material, perfect for everyday use. french clutches gold french clutches gold low french connection women gold clutch",4.9,Worth the price|Excellent quality|Very comfortable
58752,john miller men striped white shirt,"John Miller Men Striped White Shirt is a stylish white shirts made using premium not specified material, perfect for everyday use.",shirts,john,370.0,Men,White,data/images/ff7664ff-bd34-40b7-8ca5-8b8694335d0e.jpg,clothing,low,john shirts white low john miller men striped white shirt,"john miller men striped white shirt john miller men striped white shirt is a stylish white shirts made using premium not specified material, perfect for everyday use. john shirts white john shirts white low john miller men striped white shirt",4.3,Good but could be better|Decent quality|Nice design
97156,"boat rugby wireless bluetooth speaker (blue, stereo channel)",Rugby   Bluetooth Mobile or Tablet or Laptop  ,electronics,boat,1519.0,unisex,Blue,https://i.gadgets360cdn.com/products/audio/large/1552566848_832_boat_rugby-wireless-bluetooth-speaker.jpg?downsize=*:180&amp;output-quality=80&amp;output-format=webp,electronics,medium,"boat electronics blue medium boat rugby wireless bluetooth speaker (blue, stereo channel)","boat rugby wireless bluetooth speaker (blue, stereo channel) rugby   bluetooth mobile or tablet or laptop   boat electronics blue boat electronics blue medium boat rugby wireless bluetooth speaker (blue, stereo channel)",3.7,Value for money|Decent quality|Nice design
6220,turtle men solid khakhi trouser,"Turtle Men Solid Khakhi Trouser is a stylish unknown trousers made using premium not specified material, perfect for everyday use.",trousers,turtle,957.0,Men,Unknown,data/images/f4086e14-2d47-456c-a886-2fd7f9e10dcb.jpg,trousers,low,turtle trousers unknown low turtle men solid khakhi trouser,"turtle men solid khakhi trouser turtle men solid khakhi trouser is a stylish unknown trousers made using premium not specified material, perfect for everyday use. turtle trousers unknown turtle trousers unknown low turtle men solid khakhi trouser",3.8,Value for money|Good but could be better|Decent quality
76717,reebok royal challengers bangalore fangear red cap,"Reebok Royal Challengers Bangalore Fangear Red Cap is a stylish red caps made using premium not specified material, perfect for everyday use.",caps,reebok,700.0,Unisex,Red,data/images/12f49266-564f-47b7-baf9-b7f858a5c1f2.jpg,caps,low,reebok caps red low reebok royal challengers bangalore fangear red cap,"reebok royal challengers bangalore fangear red cap reebok royal challengers bangalore fangear red cap is a stylish red caps made using premium not specified material, perfect for everyday use. reebok caps red reebok caps red low reebok royal challengers bangalore fangear red cap",3.6,Satisfied with the purchase|Decent quality|Good but could be better
101336,"vivo z1x (8gb ram, 128gb) - fusion blue",Z1x octa-core Android 9 Pie 4GB 128GB 4500.0 48-megapixel (f/1.79) + 8-megapixel (f/2.2) + 2-megapixel 32-megapixel (f/2.0) 6.38 1080x2340 pixels,Mobile,vivo,18990.0,unisex,"Fusion Blue, Phantom Purple",https://i.gadgets360cdn.com/products/large/vivo-z1x-383x800-1567757092.jpg?downsize=*:180&amp;output-quality=80&amp;output-format=webp,electronics,medium,"vivo mobile fusion blue, phantom purple medium vivo z1x (8gb ram, 128gb) - fusion blue","vivo z1x (8gb ram, 128gb) - fusion blue z1x octa-core android 9 pie 4gb 128gb 4500.0 48-megapixel (f/1.79) + 8-megapixel (f/2.2) + 2-megapixel 32-megapixel (f/2.0) 6.38 1080x2340 pixels vivo mobile fusion blue, phantom purple vivo mobile fusion blue, phantom purple medium vivo z1x (8gb ram, 128gb) - fusion blue",4.9,Very comfortable|Highly recommended|Amazing product
88321,fogg women delicious deo,"Fogg Women Delicious Deo is a stylish unknown deodorant made using premium not specified material, perfect for everyday use.",deodorant,fogg,535.0,Men,Unknown,data/images/846903c7-cb74-4303-9f26-6cd89c6f8394.jpg,deodorant,low,fogg deodorant unknown low fogg women delicious deo,"fogg women delicious deo fogg women delicious deo is a stylish unknown deodorant made using premium not specified material, perfect for everyday use. fogg deodorant unknown fogg deodorant unknown low fogg women delicious deo",3.9,Good but could be better|Decent quality|Nice design
25390,puma men ess hooded black sweatshirt,"Puma Men Ess Hooded Black Sweatshirt is a stylish black sweatshirts made using premium not specified material, perfect for everyday use.",sweatshirts,puma,260.0,Men,Black,data/images/fa9711e0-c650-4550-8396-43899572bd63.jpg,sweatshirts,low,puma sweatshirts black low puma men ess hooded black sweatshirt,"puma men ess hooded black sweatshirt puma men ess hooded black sweatshirt is a stylish black sweatshirts made using premium not specified material, perfect for everyday use. puma sweatshirts black puma sweatshirts black low puma men ess hooded black sweatshirt",4.6,Very comfortable|Worth the price|Highly recommended
50189,skechers women shape-ups silver shoes,"Skechers Women Shape-Ups Silver Shoes is a stylish silver sports shoes made using premium not specified material, perfect for everyday use.",sports shoes,skechers,321.0,Men,Silver,data/images/94e70681-ae43-4dad-b91a-0840a2bf73fd.jpg,shoes,low,skechers sports shoes silver low skechers women shape-ups silver shoes,"skechers women shape-ups silver shoes skechers women shape-ups silver shoes is a stylish silver sports shoes made using premium not specified material, perfect for everyday use. skechers sports shoes silver skechers sports shoes silver low skechers women shape-ups silver shoes",4.5,Amazing product|Worth the price|Very comfortable
13548,hugo boss men element perfume,"Hugo Boss Men Element Perfume is a stylish unknown perfume and body mist made using premium not specified material, perfect for everyday use.",perfume and body mist,hugo,687.0,Men,Unknown,data/images/ad8b82b6-692c-47cc-b849-4275b452b678.jpg,perfume and body mist,low,hugo perfume and body mist unknown low hugo boss men element perfume,"hugo boss men element perfume hugo boss men element perfume is a stylish unknown perfume and body mist made using premium not specified material, perfect for everyday use. hugo perfume and body mist unknown hugo perfume and body mist unknown low hugo boss men element perfume",4.5,Worth the price|Amazing product|Very comfortable
16413,puma men flux-m black red black watches,"Puma Men Flux-M Black Red Black Watches is a stylish black watches made using premium not specified material, perfect for everyday use.",watches,puma,563.0,Men,Black,data/images/76d6c44c-6cd0-4392-aea9-6b3ef80ca6b2.jpg,watches,low,puma watches black low puma men flux-m black red black watches,"puma men flux-m black red black watches puma men flux-m black red black watches is a stylish black watches made using premium not specified material, perfect for everyday use. puma watches black puma watches black low puma men flux-m black red black watches",3.6,Good but could be better|Decent quality|Value for money
92805,adidas men's chat black t-shirt,"ADIDAS Men's Chat Black T-shirt is a stylish black tshirts made using premium not specified material, perfect for everyday use.",tshirts,adidas,592.0,Men,Black,data/images/0b36f290-a2e6-42e5-9dbf-5e2160870ea8.jpg,clothing,low,adidas tshirts black low adidas men's chat black t-shirt,"adidas men's chat black t-shirt adidas men's chat black t-shirt is a stylish black tshirts made using premium not specified material, perfect for everyday use. adidas tshirts black adidas tshirts black low adidas men's chat black t-shirt",3.8,Satisfied with the purchase|Nice design|Decent quality
43686,electronics,Product from ELECTRONICS,electronics,electronics,508.0,Unisex,Unknown,data/images/4af37fa5-ab07-42e2-9611-31ab038fe847.jpg,electronics,low,electronics electronics unknown low electronics,electronics product from electronics electronics electronics unknown electronics electronics unknown low electronics,4.6,Highly recommended|Very comfortable|Amazing product
86853,lakme lip love siren lip conditioner,"Lakme Lip Love Siren Lip Conditioner is a stylish unknown lip care made using premium not specified material, perfect for everyday use.",lip care,lakme,358.0,Unisex,Unknown,data/images/c7421d84-ec7f-4112-819e-e5362bce0d81.jpg,lip care,low,lakme lip care unknown low lakme lip love siren lip conditioner,"lakme lip love siren lip conditioner lakme lip love siren lip conditioner is a stylish unknown lip care made using premium not specified material, perfect for everyday use. lakme lip care unknown lakme lip care unknown low lakme lip love siren lip conditioner",3.7,Nice design|Decent quality|Satisfied with the purchase
37722,peri peri women black bra,"Peri Peri Women Black Bra is a stylish black bra made using premium not specified material, perfect for everyday use.",bra,peri,873.0,Men,Black,data/images/5f7773c9-59a1-4758-97d7-78b5032699a6.jpg,bra,low,peri bra black low peri peri women black bra,"peri peri women black bra peri peri women black bra is a stylish black bra made using premium not specified material, perfect for everyday use. peri bra black peri bra black low peri peri women black bra",3.5,Good but could be better|Decent quality|Satisfied with the purchase
101614,"sony xperia l (1gb ram, 8gb) - diamond white",Xperia L 1GHz dual-core Android 4.1 1GB 8GB 1750.0 8-megapixel 0.3-megapixel 4.3 480x854 pixels,Mobile,sony,9000.0,unisex,unknown,https://drop.ndtv.com/TECH/product_database/images/530201355201AM_635_sony_xperia_l.png?downsize=*:180&amp;output-quality=80&amp;output-format=webp,electronics,medium,"sony mobile unknown medium sony xperia l (1gb ram, 8gb) - diamond white","sony xperia l (1gb ram, 8gb) - diamond white xperia l 1ghz dual-core android 4.1 1gb 8gb 1750.0 8-megapixel 0.3-megapixel 4.3 480x854 pixels sony mobile unknown sony mobile unknown medium sony xperia l (1gb ram, 8gb) - diamond white",4.4,Decent quality|Nice design|Good but could be better
69644,catwalk women yellow wedges,"Catwalk Women Yellow Wedges is a stylish yellow heels made using premium not specified material, perfect for everyday use.",heels,catwalk,597.0,Men,Yellow,data/images/653603ca-3448-4c72-8542-e06c3aeec925.jpg,shoes,low,catwalk heels yellow low catwalk women yellow wedges,"catwalk women yellow wedges catwalk women yellow wedges is a stylish yellow heels made using premium not specified material, perfect for everyday use. catwalk heels yellow catwalk heels yellow low catwalk women yellow wedges",4.9,Highly recommended|Amazing product|Very comfortable
6520,superman men pink printed t-shirt,"Superman Men Pink Printed T-shirt is a stylish pink tshirts made using premium not specified material, perfect for everyday use.",tshirts,superman,698.0,Men,Pink,data/images/f013d003-4f06-453d-98cc-b1c7ccde5ea0.jpg,clothing,low,superman tshirts pink low superman men pink printed t-shirt,"superman men pink printed t-shirt superman men pink printed t-shirt is a stylish pink tshirts made using premium not specified material, perfect for everyday use. superman tshirts pink superman tshirts pink low superman men pink printed t-shirt",4.7,Very comfortable|Excellent quality|Worth the price
6105,shree women beige & red salwar suit with dupatta,"Shree Women Beige & Red Salwar Suit with Dupatta is a stylish red kurta sets made using premium not specified material, perfect for everyday use.",kurta sets,shree,481.0,Men,Red,data/images/fd5abbe2-6f5e-4512-8684-458495acb537.jpg,kurta sets,low,shree kurta sets red low shree women beige & red salwar suit with dupatta,"shree women beige & red salwar suit with dupatta shree women beige & red salwar suit with dupatta is a stylish red kurta sets made using premium not specified material, perfect for everyday use. shree kurta sets red shree kurta sets red low shree women beige & red salwar suit with dupatta",4.3,Value for money|Good but could be better|Satisfied with the purchase
1939,hugo men energise perfume,"Hugo Men Energise Perfume is a stylish unknown perfume and body mist made using premium not specified material, perfect for everyday use.",perfume and body mist,hugo,325.0,Men,Unknown,data/images/b4746688-3df9-4eb0-bc3a-aac21e60b83b.jpg,perfume and body mist,low,hugo perfume and body mist unknown low hugo men energise perfume,"hugo men energise perfume hugo men energise perfume is a stylish unknown perfume and body mist made using premium not specified material, perfect for everyday use. hugo perfume and body mist unknown hugo perfume and body mist unknown low hugo men energise perfume",5.0,Amazing product|Highly recommended|Worth the price
2786,aurelia women printed black kurta,"Aurelia Women Printed Black Kurta is a stylish black kurtas made using premium not specified material, perfect for everyday use.",kurtas,aurelia,1023.0,Men,Black,data/images/519c8073-285d-4c8a-a1d3-a930f79fb653.jpg,kurtas,medium,aurelia kurtas black medium aurelia women printed black kurta,"aurelia women printed black kurta aurelia women printed black kurta is a stylish black kurtas made using premium not specified material, perfect for everyday use. aurelia kurtas black aurelia kurtas black medium aurelia women printed black kurta",3.5,Nice design|Value for money|Decent quality
15938,wrangler women's sequin green t-shirt,"Wrangler Women's Sequin Green T-shirt is a stylish green tshirts made using premium not specified material, perfect for everyday use.",tshirts,wrangler,602.0,Men,Green,data/images/9a9c1c5a-a277-489e-9be9-5c8ab4f9c039.jpg,clothing,low,wrangler tshirts green low wrangler women's sequin green t-shirt,"wrangler women's sequin green t-shirt wrangler women's sequin green t-shirt is a stylish green tshirts made using premium not specified material, perfect for everyday use. wrangler tshirts green wrangler tshirts green low wrangler women's sequin green t-shirt",5.0,Excellent quality|Highly recommended|Amazing product
26515,tantra men's dot com maroon t-shirt,"Tantra Men's Dot Com Maroon T-shirt is a stylish maroon tshirts made using premium not specified material, perfect for everyday use.",tshirts,tantra,692.0,Men,Maroon,data/images/7046b5b9-3e3b-4cde-8d09-abf68b998569.jpg,clothing,low,tantra tshirts maroon low tantra men's dot com maroon t-shirt,"tantra men's dot com maroon t-shirt tantra men's dot com maroon t-shirt is a stylish maroon tshirts made using premium not specified material, perfect for everyday use. tantra tshirts maroon tantra tshirts maroon low tantra men's dot com maroon t-shirt",4.5,Worth the price|Highly recommended|Amazing product
53268,baggit women selection mayur black sling bag,"Baggit Women Selection Mayur Black Sling Bag is a stylish black handbags made using premium not specified material, perfect for everyday use.",handbags,baggit,1324.0,Men,Black,data/images/f553cf58-c7b8-44cd-861b-6623d5e9e33a.jpg,handbags,medium,baggit handbags black medium baggit women selection mayur black sling bag,"baggit women selection mayur black sling bag baggit women selection mayur black sling bag is a stylish black handbags made using premium not specified material, perfect for everyday use. baggit handbags black baggit handbags black medium baggit women selection mayur black sling bag",3.7,Decent quality|Value for money|Nice design
93616,lee men check green shirts,"Lee Men Check Green Shirts is a stylish green shirts made using premium not specified material, perfect for everyday use.",shirts,lee,968.0,Men,Green,data/images/8107fe13-0cd3-4a36-9bc6-eeaafd38c6ba.jpg,clothing,low,lee shirts green low lee men check green shirts,"lee men check green shirts lee men check green shirts is a stylish green shirts made using premium not specified material, perfect for everyday use. lee shirts green lee shirts green low lee men check green shirts",3.6,Good but could be better|Satisfied with the purchase|Value for money
43610,wrangler men's university broad stripe polo green t-shirt,"Wrangler Men's University Broad Stripe Polo Green T-shirt is a stylish green tshirts made using premium not specified material, perfect for everyday use.",tshirts,wrangler,507.0,Men,Green,data/images/326e92f0-db4e-438c-a63b-840fa25f2080.jpg,clothing,low,wrangler tshirts green low wrangler men's university broad stripe polo green t-shirt,"wrangler men's university broad stripe polo green t-shirt wrangler men's university broad stripe polo green t-shirt is a stylish green tshirts made using premium not specified material, perfect for everyday use. wrangler tshirts green wrangler tshirts green low wrangler men's university broad stripe polo green t-shirt",4.0,Value for money|Nice design|Satisfied with the purchase
32103,fila men dls maxim silver sports shoes,"Fila Men Dls Maxim Silver Sports Shoes is a stylish silver sports shoes made using premium not specified material, perfect for everyday use.",sports shoes,fila,745.0,Men,Silver,data/images/2c5edfc2-8236-48c9-89f7-5e7bf7d54336.jpg,shoes,low,fila sports shoes silver low fila men dls maxim silver sports shoes,"fila men dls maxim silver sports shoes fila men dls maxim silver sports shoes is a stylish silver sports shoes made using premium not specified material, perfect for everyday use. fila sports shoes silver fila sports shoes silver low fila men dls maxim silver sports shoes",3.7,Good but could be better|Satisfied with the purchase|Decent quality
22504,united colors of benetton men check blue shirt,"United Colors of Benetton Men Check Blue Shirt is a stylish blue shirts made using premium not specified material, perfect for everyday use.",shirts,united,796.0,Men,Blue,data/images/d57f9bbc-2fc3-4c3f-a729-52ed2ad104fb.jpg,clothing,low,united shirts blue low united colors of benetton men check blue shirt,"united colors of benetton men check blue shirt united colors of benetton men check blue shirt is a stylish blue shirts made using premium not specified material, perfect for everyday use. united shirts blue united shirts blue low united colors of benetton men check blue shirt",4.0,Satisfied with the purchase|Decent quality|Value for money
105388,"original 18w adapter quick fast charging for iqoo z6 5g, iqoo z6 lite 5g, iqoo z6 lite - white","Got device yesterday, at places there were Dent and also has network and ringtone problem All Electronics 1.0 out of 5 stars","tv, audio & cameras",original,499.0,unisex,unknown,https://m.media-amazon.com/images/W/IMAGERENDERING_521856-T1/images/I/41OU2JwTySL._AC_UL320_.jpg,electronics,low,"original tv, audio & cameras unknown low original 18w adapter quick fast charging for iqoo z6 5g, iqoo z6 lite 5g, iqoo z6 lite - white","original 18w adapter quick fast charging for iqoo z6 5g, iqoo z6 lite 5g, iqoo z6 lite - white got device yesterday, at places there were dent and also has network and ringtone problem all electronics 1.0 out of 5 stars original tv, audio & cameras unknown original tv, audio & cameras unknown low original 18w adapter quick fast charging for iqoo z6 5g, iqoo z6 lite 5g, iqoo z6 lite - white",3.7,Nice design|Satisfied with the purchase|Good but could be better
25451,chromozome men black lounge pants,"Chromozome Men Black Lounge Pants is a stylish black lounge pants made using premium not specified material, perfect for everyday use.",lounge pants,chromozome,728.0,Men,Black,data/images/3aac95a5-9378-4db2-8c53-8228c4170301.jpg,lounge pants,low,chromozome lounge pants black low chromozome men black lounge pants,"chromozome men black lounge pants chromozome men black lounge pants is a stylish black lounge pants made using premium not specified material, perfect for everyday use. chromozome lounge pants black chromozome lounge pants black low chromozome men black lounge pants",3.6,Value for money|Decent quality|Nice design
4082,w women's deep u neck short sleeve black top,"W Women's Deep U Neck Short Sleeve Black Top is a stylish black tops made using premium not specified material, perfect for everyday use.",tops,w,913.0,Men,Black,data/images/a92fae7e-2cb1-41e6-a9db-535619b6c3e5.jpg,tops,low,w tops black low w women's deep u neck short sleeve black top,"w women's deep u neck short sleeve black top w women's deep u neck short sleeve black top is a stylish black tops made using premium not specified material, perfect for everyday use. w tops black w tops black low w women's deep u neck short sleeve black top",5.0,Highly recommended|Excellent quality|Worth the price
46080,force 10 men grey sports shoes,"Force 10 Men Grey Sports Shoes is a stylish grey sports shoes made using premium not specified material, perfect for everyday use.",sports shoes,force,917.0,Men,Grey,data/images/7a8cc1bf-6846-4da8-a154-226ea6048a1d.jpg,shoes,low,force sports shoes grey low force 10 men grey sports shoes,"force 10 men grey sports shoes force 10 men grey sports shoes is a stylish grey sports shoes made using premium not specified material, perfect for everyday use. force sports shoes grey force sports shoes grey low force 10 men grey sports shoes",4.7,Excellent quality|Highly recommended|Very comfortable
38767,home kitchen tools,Product from HOME_KITCHEN_TOOLS,home kitchen tools,home,733.0,Unisex,Unknown,data/images/cd3b32ac-349c-47dc-8b7f-84a1733a56dd.jpg,home kitchen tools,low,home home kitchen tools unknown low home kitchen tools,home kitchen tools product from home_kitchen_tools home home kitchen tools unknown home home kitchen tools unknown low home kitchen tools,3.7,Good but could be better|Nice design|Decent quality
25150,united colors of benetton women black printed top,"United Colors of Benetton Women Black Printed Top is a stylish black tops made using premium not specified material, perfect for everyday use.",tops,united,942.0,Men,Black,data/images/a50f09b8-1156-4445-ade1-6f4f1236a5d0.jpg,tops,low,united tops black low united colors of benetton women black printed top,"united colors of benetton women black printed top united colors of benetton women black printed top is a stylish black tops made using premium not specified material, perfect for everyday use. united tops black united tops black low united colors of benetton women black printed top",3.6,Nice design|Value for money|Satisfied with the purchase
62352,lotus herbals pure colours star glow lipstick 667,"Lotus Herbals Pure Colours Star Glow Lipstick 667 is a stylish unknown lipstick made using premium not specified material, perfect for everyday use.",lipstick,lotus,346.0,Unisex,Unknown,data/images/cb32d288-52f6-4111-95bd-820a935097b1.jpg,lipstick,low,lotus lipstick unknown low lotus herbals pure colours star glow lipstick 667,"lotus herbals pure colours star glow lipstick 667 lotus herbals pure colours star glow lipstick 667 is a stylish unknown lipstick made using premium not specified material, perfect for everyday use. lotus lipstick unknown lotus lipstick unknown low lotus herbals pure colours star glow lipstick 667",4.8,Very comfortable|Highly recommended|Amazing product
26654,united colors of benetton men printed white tshirt,"United Colors of Benetton Men Printed White Tshirt is a stylish white tshirts made using premium not specified material, perfect for everyday use.",tshirts,united,460.0,Men,White,data/images/16eb9852-e881-4489-8c55-4a1ed14ae6ed.jpg,clothing,low,united tshirts white low united colors of benetton men printed white tshirt,"united colors of benetton men printed white tshirt united colors of benetton men printed white tshirt is a stylish white tshirts made using premium not specified material, perfect for everyday use. united tshirts white united tshirts white low united colors of benetton men printed white tshirt",4.0,Decent quality|Satisfied with the purchase|Value for money
18906,numero uno men's casual graphic red flip flop,"Numero Uno Men's Casual Graphic Red Flip Flop is a stylish red flip flops made using premium not specified material, perfect for everyday use.",flip flops,numero,494.0,Men,Red,data/images/dd844298-0580-446e-86c4-3933011c3360.jpg,flip flops,low,numero flip flops red low numero uno men's casual graphic red flip flop,"numero uno men's casual graphic red flip flop numero uno men's casual graphic red flip flop is a stylish red flip flops made using premium not specified material, perfect for everyday use. numero flip flops red numero flip flops red low numero uno men's casual graphic red flip flop",4.6,Amazing product|Worth the price|Highly recommended
98816,"panasonic eluga ray 700 (3gb ram, 32gb) - marine blue",Eluga Ray 700 1.3GHz octa-core Android 7.0 3GB 32GB 5000.0 13-megapixel 13-megapixel 5.5 1080x1920 pixels,Mobile,panasonic,5999.0,unisex,"Champagne Gold, Mocha Gold, Marine Blue",https://drop.ndtv.com/TECH/product_database/images/9182017113527AM_635_eluga_700_db.jpeg?downsize=*:180&amp;output-quality=80&amp;output-format=webp,electronics,low,"panasonic mobile champagne gold, mocha gold, marine blue low panasonic eluga ray 700 (3gb ram, 32gb) - marine blue","panasonic eluga ray 700 (3gb ram, 32gb) - marine blue eluga ray 700 1.3ghz octa-core android 7.0 3gb 32gb 5000.0 13-megapixel 13-megapixel 5.5 1080x1920 pixels panasonic mobile champagne gold, mocha gold, marine blue panasonic mobile champagne gold, mocha gold, marine blue low panasonic eluga ray 700 (3gb ram, 32gb) - marine blue",4.9,Excellent quality|Worth the price|Highly recommended
89548,puma men's vibrant white black red shoe,"Puma Men's Vibrant White Black Red Shoe is a stylish black casual shoes made using premium not specified material, perfect for everyday use.",casual shoes,puma,862.0,Men,Black,data/images/52d8ef08-1183-404c-9670-8629ab410d67.jpg,shoes,low,puma casual shoes black low puma men's vibrant white black red shoe,"puma men's vibrant white black red shoe puma men's vibrant white black red shoe is a stylish black casual shoes made using premium not specified material, perfect for everyday use. puma casual shoes black puma casual shoes black low puma men's vibrant white black red shoe",4.1,Value for money|Satisfied with the purchase|Nice design
103714,urbn 10000 mah li-polymer ultra compact power bank | 12w fast charge | dual usb output | type c | micro input | pocket siz...,Best in the Class... All Electronics 5.0 out of 5 stars,"tv, audio & cameras",urbn,999.0,unisex,unknown,https://m.media-amazon.com/images/W/IMAGERENDERING_521856-T1/images/I/611uVOgnH2L._AC_UL320_.jpg,electronics,low,"urbn tv, audio & cameras unknown low urbn 10000 mah li-polymer ultra compact power bank | 12w fast charge | dual usb output | type c | micro input | pocket siz...","urbn 10000 mah li-polymer ultra compact power bank | 12w fast charge | dual usb output | type c | micro input | pocket siz... best in the class... all electronics 5.0 out of 5 stars urbn tv, audio & cameras unknown urbn tv, audio & cameras unknown low urbn 10000 mah li-polymer ultra compact power bank | 12w fast charge | dual usb output | type c | micro input | pocket siz...",3.6,Value for money|Decent quality|Good but could be better
52969,nike unisex graphic north classic red backpack,"Nike Unisex Graphic North Classic Red Backpack is a stylish red backpacks made using premium not specified material, perfect for everyday use.",backpacks,nike,889.0,Unisex,Red,data/images/b8271ca4-864c-4230-84d6-62099e7c2a15.jpg,backpacks,low,nike backpacks red low nike unisex graphic north classic red backpack,"nike unisex graphic north classic red backpack nike unisex graphic north classic red backpack is a stylish red backpacks made using premium not specified material, perfect for everyday use. nike backpacks red nike backpacks red low nike unisex graphic north classic red backpack",4.4,Good but could be better|Value for money|Decent quality
86615,streetwear stay on mineral natural foundation,"Streetwear Stay On Mineral Natural Foundation is a stylish unknown foundation and primer made using premium not specified material, perfect for everyday use.",foundation and primer,streetwear,906.0,Unisex,Unknown,data/images/9b5599c9-53dc-4368-8294-c0f984912e5b.jpg,foundation and primer,low,streetwear foundation and primer unknown low streetwear stay on mineral natural foundation,"streetwear stay on mineral natural foundation streetwear stay on mineral natural foundation is a stylish unknown foundation and primer made using premium not specified material, perfect for everyday use. streetwear foundation and primer unknown streetwear foundation and primer unknown low streetwear stay on mineral natural foundation",4.4,Decent quality|Value for money|Nice design
69750,numero uno women black shoe,"Numero Uno Women Black Shoe is a stylish black casual shoes made using premium not specified material, perfect for everyday use.",casual shoes,numero,668.0,Men,Black,data/images/512dd3a5-0583-4eb8-8a0a-c3ac58726322.jpg,shoes,low,numero casual shoes black low numero uno women black shoe,"numero uno women black shoe numero uno women black shoe is a stylish black casual shoes made using premium not specified material, perfect for everyday use. numero casual shoes black numero casual shoes black low numero uno women black shoe",4.4,Satisfied with the purchase|Value for money|Good but could be better
92683,lakme absolute fast & fabulous popping pink nail polish 17,"Lakme Absolute Fast & Fabulous Popping Pink Nail Polish 17 is a stylish pink nail polish made using premium not specified material, perfect for everyday use.",nail polish,lakme,929.0,Unisex,Pink,data/images/2650441a-f88b-4957-bb24-7058293988f5.jpg,nail polish,low,lakme nail polish pink low lakme absolute fast & fabulous popping pink nail polish 17,"lakme absolute fast & fabulous popping pink nail polish 17 lakme absolute fast & fabulous popping pink nail polish 17 is a stylish pink nail polish made using premium not specified material, perfect for everyday use. lakme nail polish pink lakme nail polish pink low lakme absolute fast & fabulous popping pink nail polish 17",4.2,Decent quality|Nice design|Value for money
